{"RMSE": 16.602761905202982, "MAE": 10.496041297912598, "R\u00b2": 0.7382780909538269, "CV_RMSE_mean": 16.862179946899413, "CV_RMSE_std": 1.2674684824599929}